num_apps,avg_agg_bps,avg_agg_reqs_per_sec
1,26946431819.294117,469908.4705882353
2,53892032491.52,939802.44
3,80837874366.7451,1409700.6274509805
4,99319311511.7037,1731991.3333333333
